File,Broken Image Path,Suggested Fix,Reason
"src/content/accommodation/aris-apartment.md","/images/accommodation/picture276.jpeg","/images/accommodation/picture.gif","orphan_match_similar"
"src/content/accommodation/arnies-seaside-promenade-residence.md","/images/accommodation/picture202.jpeg","/images/accommodation/picture.gif","orphan_match_similar"
"src/content/accommodation/best-hotels-in-tirana.md","/images/accommodation/TiranaAlbania.jpeg","/images/destinations/tirana.jpg","orphan_match_similar"
"src/content/accommodation/danis-apartments.md","/images/accommodation/picture163.jpeg","/images/accommodation/picture.gif","orphan_match_similar"
"src/content/accommodation/drimadhe-spacious-and-all-comfort-sea-view-appt.md","/images/accommodation/picture383.jpeg","/images/accommodation/picture.gif","orphan_match_similar"
"src/content/accommodation/gjonis-apartment.md","/images/accommodation/picture157.jpeg","/images/accommodation/picture.gif","orphan_match_similar"
"src/content/accommodation/jonas-apartament.md","/images/accommodation/picture349.jpeg","/images/accommodation/picture.gif","orphan_match_similar"
"src/content/accommodation/roelis-guest-house.md","/images/accommodation/picture377.jpeg","/images/accommodation/picture.gif","orphan_match_similar"
"src/content/accommodation/shehus-apartments.md","/images/accommodation/picture161.jpeg","/images/accommodation/picture.gif","orphan_match_similar"
"src/content/accommodation/vila-3-korce.md","/images/accommodation/picture184.jpeg","/images/accommodation/picture.gif","orphan_match_similar"
"src/content/accommodation/villa-madiaavniu.md","/images/accommodation/picture264.jpeg","/images/accommodation/picture.gif","orphan_match_similar"
"src/content/accommodation/vivi-la-tua-vacanza-con-lappartamento-2-di-ervin-enjoy-your-holiday-with-ervins-apartment-2.md","/images/accommodation/picture270.jpeg","/images/accommodation/picture.gif","orphan_match_similar"
"src/content/activities/agrotourism.md","/images/activities/agrotourism.jpg","/images/activities/agrotourism.jpeg","orphan_match_similar"
"src/content/activities/historical-sites.md","/images/posts/Durres-Amiphitheater.jpg "Durres Amiphitheater"","/images/posts/Durres-Amiphitheater.jpg","orphan_match_similar"
"src/content/activities/historical-sites.md","/images/activities/Statue-of-emperor-Constantine-in-the-fortress-of-Berat-city-Albania.jpeg "Statue of emperor Constantine in the fortress of Berat city Albania"","/images/activities/Statue-of-emperor-Constantine-in-the-fortress-of-Berat-city-Albania.jpeg","orphan_match_similar"
"src/content/activities/historical-sites.md","/images/activities/Butrint-in-Albania-2.jpeg "Butrint in Albania 2"","/images/activities/Butrint-in-Albania-2.jpeg","orphan_match_similar"
"src/content/activities/historical-sites.md","/images/activities/Berat-with-view-of-castle-walls.jpeg "Berat with view of castle walls"","/images/activities/Berat-with-view-of-castle-walls.jpeg","orphan_match_similar"
"src/content/activities/historical-sites.md","/images/activities/Gjirokastra-Citadel-Castle.jpeg "Gjirokastra Citadel Castle"","/images/activities/Gjirokastra-Citadel-Castle.jpeg","orphan_match_similar"
"src/content/activities/historical-sites.md","/images/activities/Apollonia-1.jpeg "Apollonia 1 1024x684"","/images/activities/Apollonia-1.jpeg","orphan_match_similar"
"src/content/activities/historical-sites.md","/images/activities/Fortress-and-Skanderbeg-Museum-Dusk-Kruja-Kruje.jpeg "Fortress and Skanderbeg Museum Dusk Kruja Kruje 1024x683"","/images/activities/Fortress-and-Skanderbeg-Museum-Dusk-Kruja-Kruje.jpeg","orphan_match_similar"
"src/content/attractions/apollonia-archaeological-museum.md","/images/attractions/apolloniaarchaeologicalmuseum.jpg","/images/destinations/apollonia.jpg","orphan_match_similar"
"src/content/attractions/benja-thermal-baths.md","/images/attractions/Mineral-enriched-geothermal-pools-fueled-by-bubbling-underground-springs-Make-Albanias-Benja-forest-sanctuary-a-secluded-haven-for-sore-muscles-seeking-medicinal-thermal-waters.jpeg "Mineral enriched geothermal pools fueled by bubbling underground springs Make Albanias Benja forest sanctuary a secluded haven for sore muscles seeking medicinal thermal waters"","/images/attractions/Mineral-enriched-geothermal-pools-fueled-by-bubbling-underground-springs-Make-Albanias-Benja-forest-sanctuary-a-secluded-haven-for-sore-muscles-seeking-medicinal-thermal-waters.jpeg","orphan_match_similar"
"src/content/attractions/benja-thermal-baths.md","/images/attractions/Benja-Thermal-Baths-in-Permet.jpeg "Benja Thermal Baths in Permet"","/images/attractions/Benja-Thermal-Baths-in-Permet.jpeg","orphan_match_similar"
"src/content/attractions/benja-thermal-baths.md","/images/attractions/Thermal-baths-of-Permet-2.jpeg "Thermal baths of Permet 2"","/images/attractions/Thermal-baths-of-Permet-2.jpeg","orphan_match_similar"
"src/content/attractions/berat.md","/images/attractions/berat.jpg","/images/activities/Berat-with-view-of-castle-walls.jpeg","orphan_match_similar"
"src/content/attractions/berat.md","/images/attractions/AdobeStock_82270387.jpeg "AdobeStock 82270387 1024x683"","/images/attractions/AdobeStock_82270387.jpeg","orphan_match_similar"
"src/content/attractions/berat.md","/images/attractions/castle-in-the-mountains-in-Berat-Albania.jpeg "castle in the mountains in Berat Albania"","/images/attractions/castle-in-the-mountains-in-Berat-Albania.jpeg","orphan_match_similar"
"src/content/attractions/berat.md","/images/attractions/AdobeStock_82272831.jpeg "AdobeStock 82272831 1024x683"","/images/attractions/AdobeStock_82272831.jpeg","orphan_match_similar"
"src/content/attractions/berat.md","/images/destinations/Mangalem-neighbourhood-in-Berat-Albania.jpeg "Mangalem neighbourhood in Berat Albania"","/images/destinations/Mangalem-neighbourhood-in-Berat-Albania.jpeg","orphan_match_similar"
"src/content/attractions/berat.md","/images/destinations/Traditional-Albanian-carpets-for-sale-near-the-fortress-in-Berat.-Albania-Berat.jpeg "Traditional Albanian carpets for sale near the fortress in Berat. Albania Berat"","/images/destinations/Traditional-Albanian-carpets-for-sale-near-the-fortress-in-Berat.-Albania-Berat.jpeg","orphan_match_similar"
"src/content/attractions/berat.md","/images/attractions/Ethnographic-museum-in-Berat.jpeg "Ethnographic museum in Berat"","/images/attractions/Ethnographic-museum-in-Berat.jpeg","orphan_match_similar"
"src/content/attractions/best-beaches-in-albania.md","/images/attractions/Landscape-with-beach-and-Adriatic-Sea-views-at-sunset-in-Durres.jpeg "Landscape with beach and Adriatic Sea views at sunset in Durres"","/images/attractions/Landscape-with-beach-and-Adriatic-Sea-views-at-sunset-in-Durres.jpeg","orphan_match_similar"
"src/content/attractions/best-beaches-in-albania.md","/images/attractions/Velipoje-Beach-Albania.jpg "Velipoje Beach Albania"","/images/attractions/Velipoje-Beach-Albania.jpg","orphan_match_similar"
"src/content/attractions/best-beaches-in-albania.md","/images/attractions/Shengjin-Lezhe-Albania.jpeg "Shengjin Lezhe Albania"","/images/attractions/Shengjin-Lezhe-Albania.jpeg","orphan_match_similar"
"src/content/attractions/best-beaches-in-albania.md","/images/attractions/Rana-e-Hedhun.jpeg "Rana e Hedhun"","/images/attractions/Rana-e-Hedhun.jpeg","orphan_match_similar"
"src/content/attractions/best-beaches-in-albania.md","/images/attractions/Gjiri-i-Lalzit.jpeg "Gjiri i Lalzit"","/images/attractions/Gjiri-i-Lalzit.jpeg","orphan_match_similar"
"src/content/attractions/best-beaches-in-albania.md","/images/attractions/Durres-Beach-Albania.jpeg "Durres Beach Albania"","/images/attractions/Durres-Beach-Albania.jpeg","orphan_match_similar"
"src/content/attractions/best-beaches-in-albania.md","/images/destinations/Golem-Durres-Albania.jpeg "Golem Durres Albania"","/images/destinations/Golem-Durres-Albania.jpeg","orphan_match_similar"
"src/content/attractions/best-beaches-in-albania.md","/images/attractions/AdobeStock_411471644.jpeg "AdobeStock 411471644 1024x683"","/images/attractions/AdobeStock_411471644.jpeg","orphan_match_similar"
"src/content/attractions/best-beaches-in-albania.md","/images/attractions/St.-Marys-Monastery-Zvernec-Vlore.jpeg "St. Marys Monastery Zvernec Vlore"","/images/attractions/St.-Marys-Monastery-Zvernec-Vlore.jpeg","orphan_match_similar"
"src/content/attractions/best-beaches-in-albania.md","/images/attractions/Green-Coast-Albania-Blue-Flag-Certification-1.jpeg "Green Coast Albania Blue Flag Certification 1 1024x576"","/images/attractions/Green-Coast-Albania-Blue-Flag-Certification-1.jpeg","orphan_match_similar"
"src/content/attractions/best-beaches-in-albania.md","/images/attractions/Gjipe_beach1.jpeg "Gjipe beach1 1024x683"","/images/attractions/Gjipe_beach1.jpeg","orphan_match_similar"
"src/content/attractions/best-beaches-in-albania.md","/images/attractions/Jale-Beach-Albanian-Riviera.jpeg "Jale Beach Albanian Riviera 1024x685"","/images/attractions/Jale-Beach-Albanian-Riviera.jpeg","orphan_match_similar"
"src/content/attractions/best-beaches-in-albania.md","/images/destinations/Himare.jpeg "Himare"","/images/destinations/himare.jpg","orphan_match_similar"
"src/content/attractions/best-beaches-in-albania.md","/images/attractions/Livadhi-beach-Himare.jpeg "Livadhi beach Himare"","/images/attractions/Livadhi-beach-Himare.jpeg","orphan_match_similar"
"src/content/attractions/best-beaches-in-albania.md","/images/attractions/Llaman_Beach.jpeg "Llaman Beach"","/images/attractions/Llaman_Beach.jpeg","orphan_match_similar"
"src/content/attractions/best-beaches-in-albania.md","/images/attractions/Borsh.jpeg "Borsh 1024x683"","/images/attractions/Borsh.jpeg","orphan_match_similar"
"src/content/attractions/best-beaches-in-albania.md","/images/attractions/Mirror-beach.jpeg "Mirror beach"","/images/attractions/Mirror-beach.jpeg","orphan_match_similar"
"src/content/attractions/best-beaches-in-albania.md","/images/attractions/Bunec-Beach-in-Piqeras-Albania.jpeg "Bunec Beach in Piqeras Albania 1024x768"","/images/attractions/Bunec-Beach-in-Piqeras-Albania.jpeg","orphan_match_similar"
"src/content/attractions/blloku.md","/images/attractions/Boulevard-Deshmoret-Tirana.jpg "Boulevard Deshmoret Tirana"","/images/attractions/Boulevard-Deshmoret-Tirana.jpg","orphan_match_similar"
"src/content/attractions/blloku.md","/images/attractions/Former_Enver_Hoxha_House.jpg "Former Enver Hoxha House"","/images/attractions/Former_Enver_Hoxha_House.jpg","orphan_match_similar"
"src/content/attractions/blloku.md","/images/attractions/hemingway-bar-tirana.jpg "hemingway bar tirana"","/images/attractions/hemingway-bar-tirana.jpg","orphan_match_similar"
"src/content/attractions/blloku.md","/images/attractions/National-Arts-Gallery-Tirana.jpg "National Arts Gallery Tirana"","/images/attractions/National-Arts-Gallery-Tirana.jpg","orphan_match_similar"
"src/content/attractions/blloku.md","/images/posts/Blloku-Enver-Hoxha.jpg "Blloku Enver Hoxha"","/images/pages/Blloku-Enver-Hoxha.jpg","orphan_match_similar"
"src/content/attractions/blue-eye-spring.md","/images/attractions/Albanias-Blue-Eye-Spring.jpeg "Albanias Blue Eye Spring"","/images/attractions/Albanias-Blue-Eye-Spring.jpeg","orphan_match_similar"
"src/content/attractions/blue-eye-spring.md","/images/attractions/The-Blue-Eye-Spring.jpeg "The Blue Eye Spring"","/images/attractions/The-Blue-Eye-Spring.jpeg","orphan_match_similar"
"src/content/attractions/blue-eye-spring.md","/images/attractions/Blue-eye-spring-near-Sarande-Albania-1.jpeg "Blue eye spring near Sarande Albania 1"","/images/attractions/Blue-eye-spring-near-Sarande-Albania-1.jpeg","orphan_match_similar"
"src/content/attractions/bunkart1.md","/images/attractions/bunkart1.jpg","/images/attractions/bunkart1.jpeg","orphan_match_similar"
"src/content/attractions/dajti-national-park.md","/images/attractions/Mount-Tujanit-and-Bovilla-lake-at-Dajti-national-park-in-Albania.jpeg "Mount Tujanit and Bovilla lake at Dajti national park in Albania"","/images/attractions/Bovilla-lake.jpeg","orphan_match_similar"
"src/content/attractions/dajti-national-park.md","/images/attractions/Aerial-view-of-Tirana-city-​​and-outskirts-Albania.-Tirana-city-seen-from-the-Dajti-Express.jpeg "Aerial view of Tirana city ​​and outskirts Albania. Tirana city seen from the Dajti Express 1024x683"","/images/attractions/Aerial-view-of-Tirana-city-​​and-outskirts-Albania.-Tirana-city-seen-from-the-Dajti-Express.jpeg","orphan_match_similar"
"src/content/attractions/dajti-national-park.md","/images/attractions/Dajti-National-Park-Fauna-Flowers.jpeg "Dajti National Park Fauna Flowers 1024x683"","/images/attractions/Dajti-National-Park-Fauna-Flowers.jpeg","orphan_match_similar"
"src/content/attractions/durres-amphitheatre.md","/images/attractions/Durres-Amphiteater-Albania.jpg "Durres Amphiteater Albania"","/images/attractions/Durres-Amphiteater-Albania.jpg","orphan_match_similar"
"src/content/attractions/durres-amphitheatre.md","/images/attractions/Amphitheater-Durres.jpg "Amphitheater Durres"","/images/attractions/Amphitheater-Durres.jpg","orphan_match_similar"
"src/content/attractions/durres-amphitheatre.md","/images/posts/Durres-Amiphitheater.jpg "Durres Amiphitheater"","/images/posts/Durres-Amiphitheater.jpg","orphan_match_similar"
"src/content/attractions/durres-amphitheatre.md","/images/attractions/durres-roman-amphitheater-1.jpg "durres roman amphitheater 1"","/images/attractions/durres-roman-amphitheater-1.jpg","orphan_match_similar"
"src/content/attractions/durres-amphitheatre.md","/images/attractions/Amphitheatre_of_durres_albania.jpg "Amphitheatre of durres albania"","/images/attractions/Amphitheatre_of_durres_albania.jpg","orphan_match_similar"
"src/content/attractions/durres-amphitheatre.md","/images/attractions/Amphitheater-in-Durres.jpg "Amphitheater in Durres"","/images/attractions/Amphitheater-in-Durres.jpg","orphan_match_similar"
"src/content/attractions/durres-amphitheatre.md","/images/attractions/durres-amphitheater-2.jpg "durres amphitheater 2"","/images/attractions/durres-amphitheater-2.jpg","orphan_match_similar"
"src/content/attractions/durres-amphitheatre.md","/images/destinations/Durres-Amphitheater.jpeg "Durres Amphitheater"","/images/destinations/Durres-Amphitheater.jpeg","orphan_match_similar"
"src/content/attractions/durres-amphitheatre.md","/images/destinations/Amphitheatre-Durres-Albania-.jpeg "Amphitheatre Durres Albania 1024x681"","/images/destinations/Amphitheatre-Durres-Albania-.jpeg","orphan_match_similar"
"src/content/attractions/ethem-bey-mosque.md","/images/attractions/Skanderbeg-Square-1.jpeg "Skanderbeg Square 1"","/images/attractions/Skanderbeg-Square-1.jpeg","orphan_match_similar"
"src/content/attractions/ethem-bey-mosque.md","/images/attractions/Ethem-Bey-Mosque-Tirana-Albania.jpeg "Ethem Bey Mosque Tirana Albania"","/images/accommodation/Tirana-Albania.jpeg","orphan_match_similar"
"src/content/attractions/ethem-bey-mosque.md","/images/attractions/Ethem-Bey-mosque-and-clock-tower-in-Tirana.jpeg "Ethem Bey mosque and clock tower in Tirana"","/images/attractions/Ethem-Bey-Mosque.jpeg","orphan_match_similar"
"src/content/attractions/grunas-waterfall.md","/images/attractions/The-Grunas-Waterfall.jpeg "The Grunas Waterfall"","/images/attractions/Grunas-Waterfall.jpeg","orphan_match_similar"
"src/content/attractions/grunas-waterfall.md","/images/attractions/Teth03_AlbaniaVisit.com_.jpg "Teth03 AlbaniaVisit.com"","/images/attractions/Teth03_AlbaniaVisit.com_.jpg","orphan_match_similar"
"src/content/attractions/grunas-waterfall.md","/images/attractions/Hiking-Trekking-from-Theth-to-Valbona-villages-in-Albania-2.jpeg "Hiking Trekking from Theth to Valbona villages in Albania 2"","/images/activities/hiking-trekking.jpeg","orphan_match_similar"
"src/content/attractions/grunas-waterfall.md","/images/destinations/Grunas-Waterfall-in-Theth-National-Park.jpeg "Grunas Waterfall in Theth National Park"","/images/attractions/Grunas-Waterfall.jpeg","orphan_match_similar"
"src/content/attractions/kadiut-bridge.md","/images/attractions/Kadiut-Bridge-Permet.jpeg "Kadiut Bridge Permet"","/images/attractions/Kadiut-Bridge-Permet.jpeg","orphan_match_similar"
"src/content/attractions/kadiut-bridge.md","/images/attractions/Kadiut-Bridge-Permet-1.jpeg "Kadiut Bridge Permet 1"","/images/attractions/Kadiut-Bridge-Permet-1.jpeg","orphan_match_similar"
"src/content/attractions/kadiut-bridge.md","/images/attractions/Permet-Albania.-Langarica-Canyon-Kadiut-Bridge.jpeg "Permet Albania. Langarica Canyon Kadiut Bridge"","/images/attractions/Langarica-Canyon-.jpeg","orphan_match_similar"
"src/content/attractions/karavasta-lagoon.md","/images/attractions/Divjake-Karavasta-National-Park.jpeg "Divjake Karavasta National Park"","/images/attractions/Divjake-Karavasta-National-Park.jpeg","orphan_match_similar"
"src/content/attractions/karavasta-lagoon.md","/images/attractions/Divjake-Karavasta-National-Park-in-ALBANIA.jpeg "Divjake Karavasta National Park in ALBANIA"","/images/attractions/Divjake-Karavasta-National-Park-in-ALBANIA.jpeg","orphan_match_similar"
"src/content/attractions/karavasta-lagoon.md","/images/attractions/Lagoon-of-Karavasta.jpeg "Lagoon of Karavasta"","/images/attractions/Lagoon-of-Karavasta.jpeg","orphan_match_similar"
"src/content/attractions/karavasta-lagoon.md","/images/attractions/The-Divjake-Karavasta-National-Park.jpeg "The Divjake Karavasta National Park"","/images/attractions/Divjake-Karavasta-National-Park.jpeg","orphan_match_similar"
"src/content/attractions/lake-ohrid.md","/images/attractions/St.-Naum-Monastery.jpeg "St. Naum Monastery"","/images/attractions/St.-Naum-Monastery.jpeg","orphan_match_similar"
"src/content/attractions/lake-ohrid.md","/images/attractions/Pogradec.jpeg "Pogradec 1024x685"","/images/attractions/Pogradec.jpeg","orphan_match_similar"
"src/content/attractions/lake-ohrid.md","/images/attractions/Lin-Lake-Ohrid.jpeg "Lin Lake Ohrid"","/images/attractions/Lin-Lake-Ohrid.jpeg","orphan_match_similar"
"src/content/attractions/lake-ohrid.md","/images/attractions/Tandem-Paraglider-Lake-Ohrid.jpeg "Tandem Paraglider Lake Ohrid"","/images/attractions/Tandem-Paraglider-Lake-Ohrid.jpeg","orphan_match_similar"
"src/content/attractions/lakes.md","/images/attractions/lakes.jpg","/images/destinations/Beautiful-lakeshore-landscape-at-lake-ohrid-near-Lin-village-Albania-.jpeg","orphan_match_similar"
"src/content/attractions/lakes.md","/images/attractions/Albania-Lake-Koman.jpeg "Albania Lake Koman"","/images/attractions/Albania-Lake-Koman.jpeg","orphan_match_similar"
"src/content/attractions/lakes.md","/images/attractions/pogradec-ohrid-lake.jpeg "pogradec ohrid lake"","/images/attractions/Pogradec.jpeg","orphan_match_similar"
"src/content/attractions/lakes.md","/images/attractions/lake-Prespa-in-Albania.jpeg "lake Prespa in Albania"","/images/attractions/lake-Prespa-in-Albania.jpeg","orphan_match_similar"
"src/content/attractions/lakes.md","/images/attractions/Bovilla-lake.jpeg "Bovilla lake"","/images/attractions/Bovilla-lake.jpeg","orphan_match_similar"
"src/content/attractions/lakes.md","/images/attractions/lake-shkoder-albania.jpeg "lake shkoder albania"","/images/attractions/lake-shkoder-albania.jpeg","orphan_match_similar"
"src/content/attractions/lakes.md","/images/attractions/Fierza-reservoir-in-Albania-between-Kukes-and-Fierze.jpeg "Fierza reservoir in Albania between Kukes and Fierze"","/images/attractions/Fierza-reservoir-in-Albania-between-Kukes-and-Fierze.jpeg","orphan_match_similar"
"src/content/attractions/lakes.md","/images/destinations/Village-by-the-lake-Koman.jpeg "Village by the lake Koman"","/images/destinations/Village-by-the-lake-Koman.jpeg","orphan_match_similar"
"src/content/attractions/lakes.md","/images/attractions/Narta-Lagoon-Vlore-Albania-1.jpeg "Narta Lagoon Vlore Albania 1"","/images/attractions/Narta-Lagoon-Vlore-Albania-1.jpeg","orphan_match_similar"
"src/content/attractions/langarica-river.md","/images/attractions/Langarica-Canyon-.jpeg "Langarica Canyon"","/images/attractions/Langarica-Canyon-.jpeg","orphan_match_similar"
"src/content/attractions/langarica-river.md","/images/attractions/Canyon-Langarica-in-Albania.jpeg "Canyon Langarica in Albania"","/images/attractions/Canyon-Langarica-in-Albania.jpeg","orphan_match_similar"
"src/content/attractions/langarica-river.md","/images/attractions/Thermal-baths-of-Permet-2.jpeg "Thermal baths of Permet 2"","/images/attractions/Thermal-baths-of-Permet-2.jpeg","orphan_match_similar"
"src/content/attractions/langarica-river.md","/images/attractions/Permet-Albania.-Langarica-Canyon-Kadiut-Bridge.jpeg "Permet Albania. Langarica Canyon Kadiut Bridge"","/images/attractions/Langarica-Canyon-.jpeg","orphan_match_similar"
"src/content/attractions/llogara-national-park.md","/images/attractions/llogara-national-park-Albania-1.jpeg "llogara national park Albania 1"","/images/attractions/llogara-national-park-Albania-1.jpeg","orphan_match_similar"
"src/content/attractions/llogara-national-park.md","/images/attractions/Llogara-Park.jpeg "Llogara Park"","/images/attractions/Llogara-Park.jpeg","orphan_match_similar"
"src/content/attractions/llogara-national-park.md","/images/attractions/National-Park-Llogara.jpeg "National Park Llogara"","/images/attractions/National-Park-Llogara.jpeg","orphan_match_similar"
"src/content/attractions/llogara-national-park.md","/images/attractions/paragliding-llogara.jpeg "paragliding llogara"","/images/attractions/paragliding-llogara.jpeg","orphan_match_similar"
"src/content/attractions/llogara-national-park.md","/images/destinations/White-fog-high-in-mountains-on-Llogara-pass.jpeg "White fog high in mountains on Llogara pass"","/images/destinations/White-fog-high-in-mountains-on-Llogara-pass.jpeg","orphan_match_similar"
"src/content/attractions/llogara-national-park.md","/images/attractions/Palasë.jpeg "Palasë 1024x683"","/images/attractions/Palasë.jpeg","orphan_match_similar"
"src/content/attractions/llogara-national-park.md","/images/destinations/Llogara-pass-in-Albania-1.jpeg "Llogara pass in Albania 1"","/images/attractions/Llogara-pass-in-Albania.jpeg","orphan_match_similar"
"src/content/attractions/llogara-pass-albanian-riviera.md","/images/attractions/Llogara-pass-in-Albania.jpeg "Llogara pass in Albania"","/images/attractions/Llogara-pass-in-Albania.jpeg","orphan_match_similar"
"src/content/attractions/llogara-pass-albanian-riviera.md","/images/attractions/Llogara-pass-road-in-Albania.jpeg "Llogara pass road in Albania"","/images/attractions/Llogara-pass-road-in-Albania.jpeg","orphan_match_similar"
"src/content/attractions/llogara-pass-albanian-riviera.md","/images/attractions/Paragliding-from-Llogara-Pass-1.jpeg "Paragliding from Llogara Pass 1"","/images/attractions/Paragliding-from-Llogara-Pass-1.jpeg","orphan_match_similar"
"src/content/attractions/mountains.md","/images/attractions/mountains.jpg","/images/attractions/Gramoz-Mountains.jpeg","orphan_match_similar"
"src/content/attractions/mountains.md","/images/attractions/Korab-Mountains-1.jpeg "Korab Mountains 1"","/images/attractions/Korab-Mountains-1.jpeg","orphan_match_similar"
"src/content/attractions/mountains.md","/images/attractions/Maja-Jezerce.jpeg "Maja Jezerce"","/images/attractions/Maja-Jezerce.jpeg","orphan_match_similar"
"src/content/attractions/mountains.md","/images/attractions/Maja-Grykat-e-Hapeta.jpeg "Maja Grykat e Hapeta"","/images/attractions/Maja-Grykat-e-Hapeta.jpeg","orphan_match_similar"
"src/content/attractions/mountains.md","/images/attractions/Maja-e-Popllukes.jpeg "Maja e Popllukes"","/images/attractions/Maja-e-Popllukes.jpeg","orphan_match_similar"
"src/content/attractions/mountains.md","/images/attractions/Tomorr-.jpeg "Tomorr"","/images/attractions/Tomorr-.jpeg","orphan_match_similar"
"src/content/attractions/mountains.md","/images/attractions/Shendelli.jpeg "Shendelli"","/images/attractions/Shendelli.jpeg","orphan_match_similar"
"src/content/attractions/mountains.md","/images/attractions/Lure-in-Albania.jpeg "Lure in Albania"","/images/attractions/Lure-in-Albania.jpeg","orphan_match_similar"
"src/content/attractions/mountains.md","/images/attractions/Maja-e-Radohimes.jpeg "Maja e Radohimes"","/images/attractions/Maja-e-Radohimes.jpeg","orphan_match_similar"
"src/content/attractions/mountains.md","/images/attractions/Gramoz-Mountains.jpeg "Gramoz Mountains"","/images/attractions/Gramoz-Mountains.jpeg","orphan_match_similar"
"src/content/attractions/mountains.md","/images/attractions/Gjallica-Mountain.jpeg "Gjallica Mountain"","/images/attractions/Gjallica-Mountain.jpeg","orphan_match_similar"
"src/content/attractions/mountains.md","/images/attractions/Theth-national-park-Albanian-Alps.jpeg "Theth national park Albanian Alps"","/images/attractions/Albanian-Alps.jpeg","orphan_match_similar"
"src/content/attractions/mountains.md","/images/attractions/Tandem-Paraglider-Lake-Ohrid.jpeg "Tandem Paraglider Lake Ohrid"","/images/attractions/Tandem-Paraglider-Lake-Ohrid.jpeg","orphan_match_similar"
"src/content/attractions/mountains.md","/images/attractions/Albanian-flag-on-wall-in-mountain-coffeehouse.jpeg "Albanian flag on wall in mountain coffeehouse"","/images/attractions/Albanian-flag-on-wall-in-mountain-coffeehouse.jpeg","orphan_match_similar"
"src/content/attractions/mountains.md","/images/attractions/Albanian-Alps.jpeg "Albanian Alps"","/images/attractions/Albanian-Alps.jpeg","orphan_match_similar"
"src/content/attractions/opera-and-ballet-theater.md","/images/attractions/National-Theatre-of-Opera-and-Ballet-of-Albania-1.jpeg "National Theatre of Opera and Ballet of Albania 1"","/images/attractions/National-Theatre-of-Opera-and-Ballet-of-Albania-1.jpeg","orphan_match_similar"
"src/content/attractions/opera-and-ballet-theater.md","/images/attractions/Palace-of-Culture-or-Opera-at-Skanderbeg-Square-in-Tirana.jpeg "Palace of Culture or Opera at Skanderbeg Square in Tirana"","/images/attractions/Palace-of-Culture-or-Opera-at-Skanderbeg-Square-in-Tirana.jpeg","orphan_match_similar"
"src/content/attractions/opera-and-ballet-theater.md","/images/attractions/National-Opera-and-Ballet-Theater-.jpeg "National Opera and Ballet Theater"","/images/attractions/National-Opera-and-Ballet-Theater-.jpeg","orphan_match_similar"
"src/content/attractions/primeval-beech-forests-unesco-site.md","/images/attractions/Primeval-Beech-Forrests-Albania.jpeg "Primeval Beech Forrests Albania"","/images/attractions/Primeval-Beech-Forrests-Albania.jpeg","orphan_match_similar"
"src/content/attractions/pyramid-of-tirana.md","/images/attractions/pyramidoftirana.jpg","/images/destinations/tirana.jpg","orphan_match_similar"
"src/content/attractions/pyramid-of-tirana.md","/images/destinations/The-Pyramid-of-Tirana.jpeg "The Pyramid of Tirana"","/images/destinations/The-Pyramid-of-Tirana.jpeg","orphan_match_similar"
"src/content/attractions/pyramid-of-tirana.md","/images/attractions/Pyramid-Tirana.jpeg "Pyramid Tirana"","/images/attractions/Pyramid-Tirana.jpeg","orphan_match_similar"
"src/content/attractions/pyramid-of-tirana.md","/images/attractions/Pyramid-of-Tirana-Albania-1.jpeg "Pyramid of Tirana Albania 1"","/images/accommodation/Tirana-Albania.jpeg","orphan_match_similar"
"src/content/attractions/secluded-boat-only-virgin-beaches.md","/images/attractions/Grama-Bay-Albania.jpg "Grama Bay Albania 1024x768"","/images/attractions/Grama-Bay-Albania.jpg","orphan_match_similar"
"src/content/attractions/secluded-boat-only-virgin-beaches.md","/images/attractions/Gjiri-Anglezit.jpeg "Gjiri Anglezit 1024x768"","/images/attractions/Gjiri-Anglezit.jpeg","orphan_match_similar"
"src/content/attractions/secluded-boat-only-virgin-beaches.md","/images/attractions/Dafina-Bay.jpeg "Dafina Bay"","/images/attractions/Dafina-Bay.jpeg","orphan_match_similar"
"src/content/attractions/secluded-boat-only-virgin-beaches.md","/images/attractions/Kakome-Bay-Albania.jpeg "Kakome Bay Albania 1024x668"","/images/attractions/Kakome-Bay-Albania.jpeg","orphan_match_similar"
"src/content/attractions/secluded-boat-only-virgin-beaches.md","/images/attractions/Filikuri-Beach-Albania.jpeg "Filikuri Beach Albania 1024x683"","/images/attractions/Filikuri-Beach-Albania.jpeg","orphan_match_similar"
"src/content/attractions/secluded-boat-only-virgin-beaches.md","/images/destinations/Ksamil-beaches.-Four-islands.jpeg "Ksamil beaches. Four islands 1024x682"","/images/destinations/Ksamil-beaches.-Four-islands.jpeg","orphan_match_similar"
"src/content/attractions/secluded-boat-only-virgin-beaches.md","/images/attractions/Gjipe-Beach.jpg "Gjipe Beach 1024x768"","/images/attractions/Gjipe-Beach.jpg","orphan_match_similar"
"src/content/attractions/secluded-boat-only-virgin-beaches.md","/images/attractions/Krorez-bay.jpeg "Krorez bay"","/images/attractions/Krorez-bay.jpeg","orphan_match_similar"
"src/content/attractions/skanderbeg-square.md","/images/attractions/Monument-of-Skanderbeg.jpeg "Monument of Skanderbeg"","/images/attractions/Monument-of-Skanderbeg.jpeg","orphan_match_similar"
"src/content/attractions/skanderbeg-square.md","/images/attractions/ftgy7trp-be.jpg "ftgy7trp be"","/images/attractions/ftgy7trp-be.jpg","orphan_match_similar"
"src/content/attractions/skanderbeg-square.md","/images/attractions/Ethem-Bey-Mosque.jpeg "Ethem Bey Mosque"","/images/attractions/Ethem-Bey-Mosque.jpeg","orphan_match_similar"
"src/content/attractions/skanderbeg-square.md","/images/attractions/National-Opera-and-Ballet-Theater-of-Albania.jpeg "National Opera and Ballet Theater of Albania"","/images/attractions/National-Opera-and-Ballet-Theater-.jpeg","orphan_match_similar"
"src/content/attractions/skanderbeg-square.md","/images/attractions/main-square-in-Tirana.jpeg "main square in Tirana"","/images/attractions/main-square-in-Tirana.jpeg","orphan_match_similar"
"src/content/attractions/sky-restaurant-bar.md","/images/attractions/Sky-Restaurant-Tirana-Downtown-Albania.jpeg "Sky Restaurant Tirana Downtown Albania"","/images/attractions/Sky-Restaurant-Tirana-Downtown-Albania.jpeg","orphan_match_similar"
"src/content/attractions/sky-restaurant-bar.md","/images/attractions/Sky-bar-Tirana10.jpg "Sky bar Tirana10"","/images/attractions/Sky-bar-Tirana10.jpeg","orphan_match_similar"
"src/content/attractions/sky-restaurant-bar.md","/images/attractions/118433430.jpg "118433430"","/images/attractions/118433430.jpg","orphan_match_similar"
"src/content/attractions/theth-national-park.md","/images/destinations/hiking-from-Theth-Valley-to-Valbona-Valley-in-Albanian-Alps-1.jpeg "hiking from Theth Valley to Valbona Valley in Albanian Alps 1"","/images/attractions/Albanian-Alps-1.jpeg","orphan_match_similar"
"src/content/attractions/theth-national-park.md","/images/attractions/Theth-National-Park.-Shkoder-County-Albania-1.jpeg "Theth National Park. Shkoder County Albania 1"","/images/attractions/Theth-National-Park.-Shkoder-County-Albania-1.jpeg","orphan_match_similar"
"src/content/attractions/theth-national-park.md","/images/attractions/Roads-Driving-Albanian-Alps.jpeg "Roads Driving Albanian Alps"","/images/attractions/Albanian-Alps.jpeg","orphan_match_similar"
"src/content/attractions/theth-national-park.md","/images/attractions/Albanian-Alps-1.jpeg "Albanian Alps 1"","/images/attractions/Albanian-Alps-1.jpeg","orphan_match_similar"
"src/content/attractions/theth-national-park.md","/images/attractions/Grunas-Waterfall.jpeg "Grunas Waterfall"","/images/attractions/Grunas-Waterfall.jpeg","orphan_match_similar"
"src/content/attractions/theth-national-park.md","/images/attractions/Thethi-Northen-Albanian-Alps-edited.jpeg "Thethi Northen Albanian Alps edited"","/images/attractions/Albanian-Alps.jpeg","orphan_match_similar"
"src/content/attractions/top-things-to-do-albania.md","/images/attractions/Lukove-beach.jpeg "Lukove beach"","/images/attractions/Lukove-beach.jpeg","orphan_match_similar"
"src/content/attractions/top-things-to-do-albania.md","/images/attractions/Clock-tower-in-the-castle-in-Gjirokaster-Albania.jpeg "Clock tower in the castle in Gjirokaster Albania"","/images/attractions/Clock-tower-in-the-castle-in-Gjirokaster-Albania.jpeg","orphan_match_similar"
"src/content/attractions/top-things-to-do-albania.md","/images/destinations/hiking-from-Theth-Valley-to-Valbona-Valley-in-Albanian-Alps.jpeg "hiking from Theth Valley to Valbona Valley in Albanian Alps"","/images/attractions/Albanian-Alps.jpeg","orphan_match_similar"
"src/content/attractions/top-things-to-do-albania.md","/images/destinations/Apollonia.jpeg "Apollonia"","/images/destinations/apollonia.jpg","orphan_match_similar"
"src/content/attractions/top-things-to-do-albania.md","/images/attractions/Koman-Lake-in-Albania.jpeg "Koman Lake in Albania"","/images/attractions/Koman-Lake-in-Albania.jpeg","orphan_match_similar"
"src/content/attractions/top-things-to-do-albania.md","/images/attractions/Monument-of-Skanderbeg-in-Tirana.jpeg "Monument of Skanderbeg in Tirana"","/images/attractions/Monument-of-Skanderbeg-in-Tirana.jpeg","orphan_match_similar"
"src/content/attractions/top-things-to-do-albania.md","/images/destinations/Blue-eye-spring-near-Sarande-Albania.jpeg "Blue eye spring near Sarande Albania"","/images/attractions/blue-eye-spring.jpeg","orphan_match_similar"
"src/content/attractions/top-things-to-do-albania.md","/images/destinations/White-fog-high-in-mountains-on-Llogara-pass.jpeg "White fog high in mountains on Llogara pass"","/images/destinations/White-fog-high-in-mountains-on-Llogara-pass.jpeg","orphan_match_similar"
"src/content/attractions/top-things-to-do-albania.md","/images/attractions/Durres-city-and-port.jpeg "Durres city and port"","/images/attractions/Durres-city-and-port.jpeg","orphan_match_similar"
"src/content/attractions/trebeshine-mountain.md","/images/attractions/trebeshinemountain.jpg","/images/attractions/Trebeshine.jpeg","orphan_match_similar"
"src/content/attractions/trebeshine-mountain.md","/images/attractions/Trebeshine.jpeg "Trebeshine"","/images/attractions/Trebeshine.jpeg","orphan_match_similar"
"src/content/attractions/unesco-world-heritage-sites.md","/images/attractions/butrint-1.jpeg "butrint 1 1024x684"","/images/attractions/butrint-1.jpeg","orphan_match_similar"
"src/content/attractions/unesco-world-heritage-sites.md","/images/posts/Windows-in-Berat-city.jpeg "Windows in Berat city"","/images/posts/Windows-in-Berat-city.jpeg","orphan_match_similar"
"src/content/attractions/unesco-world-heritage-sites.md","/images/destinations/gjirokastra-albania.jpeg "gjirokastra albania"","/images/destinations/gjirokastra-albania.jpeg","orphan_match_similar"
"src/content/attractions/unesco-world-heritage-sites.md","/images/attractions/pogradec-ohrid-lake.jpeg "pogradec ohrid lake"","/images/attractions/Pogradec.jpeg","orphan_match_similar"
"src/content/attractions/unesco-world-heritage-sites.md","/images/attractions/St.-Naum-Monastery.jpeg "St. Naum Monastery"","/images/attractions/St.-Naum-Monastery.jpeg","orphan_match_similar"
"src/content/attractions/unesco-world-heritage-sites.md","/images/attractions/Primeval-Beech-Forests-Albania-1.jpeg "Primeval Beech Forests Albania 1"","/images/attractions/Primeval-Beech-Forests-Albania-1.jpeg","orphan_match_similar"
"src/content/attractions/unesco-world-heritage-sites.md","/images/attractions/Apollonia-Albania-1.jpeg "Apollonia Albania 1"","/images/attractions/Apollonia-Albania-1.jpeg","orphan_match_similar"
"src/content/attractions/valbona-valley-national-park.md","/images/destinations/Valbona-valley.jpeg "Valbona valley"","/images/destinations/Valbona-Valley.jpg","orphan_match_similar"
"src/content/attractions/valbona-valley-national-park.md","/images/destinations/Hiking-Trekking-from-Theth-to-Valbona-villages-in-Albania.jpeg "Hiking Trekking from Theth to Valbona villages in Albania"","/images/activities/hiking-trekking.jpeg","orphan_match_similar"
"src/content/attractions/valbona-valley-national-park.md","/images/attractions/Forest-in-the-Valbona-Valley-National-Park-Albania-Beech-Forrest.jpeg "Forest in the Valbona Valley National Park Albania Beech Forrest"","/images/attractions/Forest-in-the-Valbona-Valley-National-Park-Albania-Beech-Forrest.jpeg","orphan_match_similar"
"src/content/destinations/apollonia.md","/images/destinations/ChurchofSaintMaryinApollonia.jpeg","/images/destinations/apollonia.jpg","orphan_match_similar"
"src/content/destinations/apollonia.md","/images/destinations/apolloniaromantemplealbania.jpg","/images/destinations/apollonia.jpg","orphan_match_similar"
"src/content/destinations/apollonia.md","/images/destinations/apolloniatemplealbania.jpg","/images/destinations/apollonia.jpg","orphan_match_similar"
"src/content/destinations/borsh.md","/images/destinations/BorshBeachAlbanianRiviera2.jpg","/images/attractions/Borsh.jpeg","orphan_match_similar"
"src/content/destinations/borsh.md","/images/destinations/BorshBeachAlbania2.jpg","/images/attractions/Borsh.jpeg","orphan_match_similar"
"src/content/destinations/borsh.md","/images/destinations/BorshBeachAlbanianRiviera2.jpg","/images/attractions/Borsh.jpeg","orphan_match_similar"
"src/content/destinations/butrint.md","/images/destinations/VenetiancastleatButrintnationalpark.jpeg","/images/hero/butrint.jpg","orphan_match_similar"
"src/content/destinations/butrint.md","/images/destinations/VenetianCastleButrintNationalPark.jpeg","/images/hero/butrint.jpg","orphan_match_similar"
"src/content/destinations/butrint.md","/images/destinations/ButrintNationalParkVenetianTriangularCastle.jpeg","/images/hero/butrint.jpg","orphan_match_similar"
"src/content/destinations/butrint.md","/images/destinations/TheLionGateInNationalParkOfButrint.jpg","/images/hero/butrint.jpg","orphan_match_similar"
"src/content/destinations/butrint.md","/images/destinations/ButrintAlbaniaVenetianTriangleCastle.jpeg","/images/hero/butrint.jpg","orphan_match_similar"
"src/content/destinations/butrint.md","/images/destinations/ButrintButhrotumAlbaniascaled.jpeg","/images/hero/butrint.jpg","orphan_match_similar"
"src/content/destinations/butrint.md","/images/destinations/VenetiancastleatButrintAlbania.jpeg","/images/hero/butrint.jpg","orphan_match_similar"
"src/content/destinations/butrint.md","/images/posts/ButrintAlbania1.jpg","/images/hero/butrint.jpg","orphan_match_similar"
"src/content/destinations/butrint.md","/images/destinations/InscriptionsofFreedSlavesButrint2.jpg","/images/hero/butrint.jpg","orphan_match_similar"
"src/content/destinations/butrint.md","/images/destinations/ButrintUNESCO1.jpg","/images/hero/butrint.jpg","orphan_match_similar"
"src/content/destinations/butrint.md","/images/destinations/Butrint_Agora2.jpg","/images/hero/butrint.jpg","orphan_match_similar"
"src/content/destinations/butrint.md","/images/destinations/ButrintinAlbaniae1703210150722.jpeg","/images/hero/butrint.jpg","orphan_match_similar"
"src/content/destinations/butrint.md","/images/destinations/ButrintArcheologicalPark11.jpeg","/images/hero/butrint.jpg","orphan_match_similar"
"src/content/destinations/himare.md","/images/destinations/HimareBeach.jpg","/images/destinations/himare.jpg","orphan_match_similar"
"src/content/destinations/himare.md","/images/destinations/HimareCastle.jpeg","/images/destinations/himare.jpg","orphan_match_similar"
"src/content/destinations/ksamil.md","/images/destinations/ButrintinAlbaniae1703210150722.jpeg","/images/hero/butrint.jpg","orphan_match_similar"
"src/content/destinations/ksamil.md","/images/destinations/ButrintArcheologicalPark.jpeg","/images/hero/butrint.jpg","orphan_match_similar"
"src/content/destinations/lin.md","/images/destinations/BunkeroverlinvillageatlakeohridAlbania.jpg","/images/posts/Bunker.jpg","orphan_match_similar"
"src/content/destinations/pema-e-thate.md","/images/activities/ButrintinAlbania2.jpeg","/images/hero/butrint.jpg","orphan_match_similar"
"src/content/destinations/permet.md","/images/destinations/permet.jpg","/images/attractions/Benja-Thermal-Baths-in-Permet.jpeg","orphan_match_similar"
"src/content/destinations/permet.md","/images/destinations/permet.jpg","/images/attractions/Benja-Thermal-Baths-in-Permet.jpeg","orphan_match_similar"
"src/content/destinations/permet.md","/images/destinations/PermetAlbaniaTownCenter.jpeg","/images/destinations/permet.jpeg","orphan_match_similar"
"src/content/destinations/permet.md","/images/destinations/PermetontheVjosaRiverinAlbania1.jpeg","/images/destinations/permet.jpeg","orphan_match_similar"
"src/content/destinations/permet.md","/images/destinations/raftersfloatingonVjoseriverPermetAlbania.jpeg","/images/destinations/permet.jpeg","orphan_match_similar"
"src/content/destinations/permet.md","/images/destinations/TrebeshineDhembelNemerckehuggedbythecrystalclearwatersofriverVjosa.jpeg","/images/attractions/Trebeshine.jpeg","orphan_match_similar"
"src/content/destinations/permet.md","/images/destinations/TheRiverVjosainPermetAlbania.jpeg","/images/destinations/permet.jpeg","orphan_match_similar"
"src/content/destinations/permet.md","/images/destinations/thermalbathsofPermetAlbania.LangaricaCanyonKadiutBridge.jpeg","/images/destinations/permet.jpeg","orphan_match_similar"
"src/content/destinations/permet.md","/images/destinations/ThermalbathsofPermet.jpeg","/images/destinations/permet.jpeg","orphan_match_similar"
"src/content/destinations/permet.md","/images/destinations/TeqjaPermet.jpeg","/images/destinations/permet.jpeg","orphan_match_similar"
"src/content/destinations/permet.md","/images/destinations/Permet1.jpeg","/images/destinations/permet.jpeg","orphan_match_similar"
"src/content/destinations/permet.md","/images/destinations/VjosaRoverandmountainsinPermetAlbania.jpeg","/images/destinations/permet.jpeg","orphan_match_similar"
"src/content/destinations/permet.md","/images/destinations/FirofHotovaNationalParkPermet.jpeg","/images/destinations/permet.jpeg","orphan_match_similar"
"src/content/destinations/permet.md","/images/destinations/SouvenirsPermet.jpeg","/images/destinations/permet.jpeg","orphan_match_similar"
"src/content/destinations/pogradec.md","/images/destinations/Pogradec_DSC02016EnhancedNR.jpg","/images/attractions/Pogradec.jpeg","orphan_match_similar"
"src/content/destinations/pogradec.md","/images/destinations/Pogradeccity.jpeg","/images/attractions/Pogradec.jpeg","orphan_match_similar"
"src/content/destinations/pogradec.md","/images/destinations/Pogradec_DSC02015EnhancedNR.jpg","/images/attractions/Pogradec.jpeg","orphan_match_similar"
"src/content/destinations/pogradec.md","/images/destinations/Pogradec_DSC01981.jpg","/images/attractions/Pogradec.jpeg","orphan_match_similar"
"src/content/destinations/pogradec.md","/images/destinations/Pogradec_DSC01988.jpg","/images/attractions/Pogradec.jpeg","orphan_match_similar"
"src/content/destinations/pogradec.md","/images/destinations/Pogradec_DSC02014EnhancedNR.jpg","/images/attractions/Pogradec.jpeg","orphan_match_similar"
"src/content/destinations/pogradec.md","/images/destinations/Pogradec_DSC02002.jpg","/images/attractions/Pogradec.jpeg","orphan_match_similar"
"src/content/destinations/pogradec.md","/images/destinations/Pogradec_DSC02011.jpg","/images/attractions/Pogradec.jpeg","orphan_match_similar"
"src/content/destinations/tirana.md","/images/destinations/TiranaMusuemscaled.jpeg","/images/destinations/tirana.jpg","orphan_match_similar"
"src/content/destinations/tirana.md","/images/destinations/NationalArtsGalleryTirana.jpeg","/images/destinations/tirana.jpg","orphan_match_similar"
"src/content/destinations/tirana.md","/images/destinations/ThePyramidofTirana.jpeg","/images/destinations/tirana.jpg","orphan_match_similar"
"src/content/destinations/tirana.md","/images/destinations/TiranaPyramid.jpeg","/images/destinations/tirana.jpg","orphan_match_similar"
"src/content/destinations/tirana.md","/images/posts/WWIIbunkerBunkArtAlbania.jpeg","/images/posts/Bunker.jpg","orphan_match_similar"
"src/content/destinations/tirana.md","/images/destinations/TiranacapitalcityviewfromeasthillsCableCar.jpg","/images/destinations/tirana.jpg","orphan_match_similar"
"src/content/destinations/vuno.md","/images/destinations/HimareAlbanianRiviera.jpeg","/images/destinations/himare.jpg","orphan_match_similar"
"src/content/pages/cars.md","/images/pages/Road-Vlore-Albania-1024x683.jpeg "Road Vlore Albania"","/images/pages/Road-Vlore-Albania-1024x683.jpeg","orphan_match_similar"
"src/content/pages/cars.md","/images/pages/View-From-the-Llogara-Pass-Mountain-Range-1024x574.jpeg "View From the Llogara Pass Mountain Range"","/images/hero/llogara-pass.jpg","orphan_match_similar"
"src/content/posts/albania-bunkers.md","/images/posts/AlbaniaBunkers.jpeg","/images/posts/Bunker.jpg","orphan_match_similar"
